NAFRTev2,Code,Libellé
NAFRTev2,01.11Z,"Culture de céréales (à l'exception du riz), de légumineuses et de graines oléagineuses"
NAFRTev2,01.12Z,Culture du riz
NAFRTev2,01.13Z,"Culture de légumes, de melons, de racines et de tubercules"
NAFRTev2,01.14Z,Culture de la canne à sucre
NAFRTev2,01.15Z,Culture du tabac
NAFRTev2,01.16Z,Culture de plantes à fibres
NAFRTev2,01.19Z,Autres cultures non permanentes
NAFRTev2,01.21Z,Culture de la vigne
NAFRTev2,01.22Z,Culture de fruits tropicaux et subtropicaux
NAFRTev2,01.23Z,Culture d'agrumes
NAFRTev2,01.24Z,Culture de fruits à pépins et à noyau
NAFRTev2,01.25Z,Culture d'autres fruits d'arbres ou d'arbustes et de fruits à coque
NAFRTev2,01.26Z,Culture de fruits oléagineux
NAFRTev2,01.27Z,Culture de plantes à boissons
NAFRTev2,01.28Z,"Culture de plantes à épices, aromatiques, médicinales et pharmaceutiques"
NAFRTev2,01.29Z,Autres cultures permanentes
NAFRTev2,01.30Z,Reproduction de plantes
NAFRTev2,01.41Z,Élevage de vaches laitières
NAFRTev2,01.42Z,Élevage d'autres bovins et de buffles
NAFRTev2,01.43Z,Élevage de chevaux et d'autres équidés
NAFRTev2,01.44Z,Élevage de chameaux et d'autres camélidés
NAFRTev2,01.45Z,Élevage d'ovins et de caprins
NAFRTev2,01.46Z,Élevage de porcins
NAFRTev2,01.47Z,Élevage de volailles
NAFRTev2,01.49Z,Élevage d'autres animaux
NAFRTev2,01.50Z,Culture et élevage associés
NAFRTev2,01.61Z,Activités de soutien aux cultures
NAFRTev2,01.62Z,Activités de soutien à la production animale
NAFRTev2,01.63Z,Traitement primaire des récoltes
NAFRTev2,01.64Z,Traitement des semences
NAFRTev2,01.70Z,"Chasse, piégeage et services annexes"
NAFRTev2,02.10Z,Sylviculture et autres activités forestières
NAFRTev2,02.20Z,Exploitation forestière
NAFRTev2,02.30Z,Récolte de produits forestiers non ligneux poussant à l'état sauvage
NAFRTev2,02.40Z,Services de soutien à l'exploitation forestière
NAFRTev2,03.11Z,Pêche en mer
NAFRTev2,03.12Z,Pêche en eau douce
NAFRTev2,03.21Z,Aquaculture en mer
NAFRTev2,03.22Z,Aquaculture en eau douce
NAFRTev2,05.10Z,Extraction de houille
NAFRTev2,05.20Z,Extraction de lignite
NAFRTev2,06.10Z,Extraction de pétrole brut
NAFRTev2,06.20Z,Extraction de gaz naturel
NAFRTev2,07.10Z,Extraction de minerais de fer
NAFRTev2,07.21Z,Extraction de minerais d'uranium et de thorium
NAFRTev2,07.29Z,Extraction d'autres minerais de métaux non ferreux
NAFRTev2,08.11Z,"Extraction de pierres ornementales et de construction, de calcaire industriel, de gypse, de craie et d'ardoise"
NAFRTev2,08.12Z,"Exploitation de gravières et sablières, extraction d'argiles et de kaolin"
NAFRTev2,08.91Z,Extraction des minéraux chimiques et d'engrais minéraux
NAFRTev2,08.92Z,Extraction de tourbe
NAFRTev2,08.93Z,Production de sel
NAFRTev2,08.99Z,Autres activités extractives n.c.a.
NAFRTev2,09.10Z,Activités de soutien à l'extraction d'hydrocarbures
NAFRTev2,09.90Z,Activités de soutien aux autres industries extractives
NAFRTev2,10.11Z,Transformation et conservation de la viande de boucherie
NAFRTev2,10.12Z,Transformation et conservation de la viande de volaille
NAFRTev2,10.13A,Préparation industrielle de produits à base de viande
NAFRTev2,10.13B,Charcuterie
NAFRTev2,10.20Z,"Transformation et conservation de poisson, de crustacés et de mollusques"
NAFRTev2,10.31Z,Transformation et conservation de pommes de terre
NAFRTev2,10.32Z,Préparation de jus de fruits et légumes
NAFRTev2,10.39A,Autre transformation et conservation de légumes
NAFRTev2,10.39B,Transformation et conservation de fruits
NAFRTev2,10.41A,Fabrication d'huiles et graisses brutes
NAFRTev2,10.41B,Fabrication d'huiles et graisses raffinées
NAFRTev2,10.42Z,Fabrication de margarine et graisses comestibles similaires
NAFRTev2,10.51A,Fabrication de lait liquide et de produits frais
NAFRTev2,10.51B,Fabrication de beurre
NAFRTev2,10.51C,Fabrication de fromage
NAFRTev2,10.51D,Fabrication d'autres produits laitiers
NAFRTev2,10.52Z,Fabrication de glaces et sorbets
NAFRTev2,10.61A,Meunerie
NAFRTev2,10.61B,Autres activités du travail des grains
NAFRTev2,10.62Z,Fabrication de produits amylacés
NAFRTev2,10.71A,Fabrication industrielle de pain et de pâtisserie fraîche
NAFRTev2,10.71B,Cuisson de produits de boulangerie
NAFRTev2,10.71C,Boulangerie et boulangerie-pâtisserie
NAFRTev2,10.71D,Pâtisserie
NAFRTev2,10.72Z,"Fabrication de biscuits, biscottes et pâtisseries de conservation"
NAFRTev2,10.73Z,Fabrication de pâtes alimentaires
NAFRTev2,10.81Z,Fabrication de sucre
NAFRTev2,10.82Z,"Fabrication de cacao, chocolat et de produits de confiserie"
NAFRTev2,10.83Z,Transformation du thé et du café
NAFRTev2,10.84Z,Fabrication de condiments et assaisonnements
NAFRTev2,10.85Z,Fabrication de plats préparés
NAFRTev2,10.86Z,Fabrication d'aliments homogénéisés et diététiques
NAFRTev2,10.89Z,Fabrication d'autres produits alimentaires n.c.a.
NAFRTev2,10.91Z,Fabrication d'aliments pour animaux de ferme
NAFRTev2,10.92Z,Fabrication d'aliments pour animaux de compagnie
NAFRTev2,11.01Z,Production de boissons alcooliques distillées
NAFRTev2,11.02A,Fabrication de vins effervescents
NAFRTev2,11.02B,Vinification
NAFRTev2,11.03Z,Fabrication de cidre et de vins de fruits
NAFRTev2,11.04Z,Production d'autres boissons fermentées non distillées
NAFRTev2,11.05Z,Fabrication de bière
NAFRTev2,11.06Z,Fabrication de malt
NAFRTev2,11.07A,Industrie des eaux de table
NAFRTev2,11.07B,Production de boissons rafraîchissantes
NAFRTev2,12.00Z,Fabrication de produits à base de tabac
NAFRTev2,13.10Z,Préparation de fibres textiles et filature
NAFRTev2,13.20Z,Tissage
NAFRTev2,13.30Z,Ennoblissement textile
NAFRTev2,13.91Z,Fabrication d'étoffes à mailles
NAFRTev2,13.92Z,"Fabrication d'articles textiles, sauf habillement"
NAFRTev2,13.93Z,Fabrication de tapis et moquettes
NAFRTev2,13.94Z,"Fabrication de ficelles, cordes et filets"
NAFRTev2,13.95Z,"Fabrication de non-tissés, sauf habillement"
NAFRTev2,13.96Z,Fabrication d'autres textiles techniques et industriels
NAFRTev2,13.99Z,Fabrication d'autres textiles n.c.a.
NAFRTev2,14.11Z,Fabrication de vêtements en cuir
NAFRTev2,14.12Z,Fabrication de vêtements de travail
NAFRTev2,14.13Z,Fabrication de vêtements de dessus
NAFRTev2,14.14Z,Fabrication de vêtements de dessous
NAFRTev2,14.19Z,Fabrication d'autres vêtements et accessoires
NAFRTev2,14.20Z,Fabrication d'articles en fourrure
NAFRTev2,14.31Z,Fabrication d'articles chaussants à mailles
NAFRTev2,14.39Z,Fabrication d'autres articles à mailles
NAFRTev2,15.11Z,Apprêt et tannage des cuirs ; préparation et teinture des fourrures
NAFRTev2,15.12Z,"Fabrication d'articles de voyage, de maroquinerie et de sellerie"
NAFRTev2,15.20Z,Fabrication de chaussures
NAFRTev2,16.10A,"Sciage et rabotage du bois, hors imprégnation"
NAFRTev2,16.10B,Imprégnation du bois
NAFRTev2,16.21Z,Fabrication de placage et de panneaux de bois
NAFRTev2,16.22Z,Fabrication de parquets assemblés
NAFRTev2,16.23Z,Fabrication de charpentes et d'autres menuiseries
NAFRTev2,16.24Z,Fabrication d'emballages en bois
NAFRTev2,16.29Z,"Fabrication d'objets divers en bois ; fabrication d'objets en liège, vannerie et sparterie"
NAFRTev2,17.11Z,Fabrication de pâte à papier
NAFRTev2,17.12Z,Fabrication de papier et de carton
NAFRTev2,17.21A,Fabrication de carton ondulé
NAFRTev2,17.21B,Fabrication de cartonnages
NAFRTev2,17.21C,Fabrication d'emballages en papier
NAFRTev2,17.22Z,Fabrication d'articles en papier à usage sanitaire ou domestique
NAFRTev2,17.23Z,Fabrication d'articles de papeterie
NAFRTev2,17.24Z,Fabrication de papiers peints
NAFRTev2,17.29Z,Fabrication d'autres articles en papier ou en carton
NAFRTev2,18.11Z,Imprimerie de journaux
NAFRTev2,18.12Z,Autre imprimerie (labeur)
NAFRTev2,18.13Z,Activités de pré-presse
NAFRTev2,18.14Z,Reliure et activités connexes
NAFRTev2,18.20Z,Reproduction d'enregistrements
NAFRTev2,19.10Z,Cokéfaction
NAFRTev2,19.20Z,Raffinage du pétrole
NAFRTev2,20.11Z,Fabrication de gaz industriels
NAFRTev2,20.12Z,Fabrication de colorants et de pigments
NAFRTev2,20.13A,Enrichissement et retraitement de matières nucléaires
NAFRTev2,20.13B,Fabrication d'autres produits chimiques inorganiques de base n.c.a.
NAFRTev2,20.14Z,Fabrication d'autres produits chimiques organiques de base
NAFRTev2,20.15Z,Fabrication de produits azotés et d'engrais
NAFRTev2,20.16Z,Fabrication de matières plastiques de base
NAFRTev2,20.17Z,Fabrication de caoutchouc synthétique
NAFRTev2,20.20Z,Fabrication de pesticides et d'autres produits agrochimiques
NAFRTev2,20.30Z,"Fabrication de peintures, vernis, encres et mastics"
NAFRTev2,20.41Z,"Fabrication de savons, détergents et produits d'entretien"
NAFRTev2,20.42Z,Fabrication de parfums et de produits pour la toilette
NAFRTev2,20.51Z,Fabrication de produits explosifs
NAFRTev2,20.52Z,Fabrication de colles
NAFRTev2,20.53Z,Fabrication d'huiles essentielles
NAFRTev2,20.59Z,Fabrication d'autres produits chimiques n.c.a.
NAFRTev2,20.60Z,Fabrication de fibres artificielles ou synthétiques
NAFRTev2,21.10Z,Fabrication de produits pharmaceutiques de base
NAFRTev2,21.20Z,Fabrication de préparations pharmaceutiques
NAFRTev2,22.11Z,Fabrication et rechapage de pneumatiques
NAFRTev2,22.19Z,Fabrication d'autres articles en caoutchouc
NAFRTev2,22.21Z,"Fabrication de plaques, feuilles, tubes et profilés en matières plastiques"
NAFRTev2,22.22Z,Fabrication d'emballages en matières plastiques
NAFRTev2,22.23Z,Fabrication d'éléments en matières plastiques pour la construction
NAFRTev2,22.29A,Fabrication de pièces techniques à base de matières plastiques
NAFRTev2,22.29B,Fabrication de produits de consommation courante en matières plastiques
NAFRTev2,23.11Z,Fabrication de verre plat
NAFRTev2,23.12Z,Façonnage et transformation du verre plat
NAFRTev2,23.13Z,Fabrication de verre creux
NAFRTev2,23.14Z,Fabrication de fibres de verre
NAFRTev2,23.19Z,"Fabrication et façonnage d'autres articles en verre, y compris verre technique"
NAFRTev2,23.20Z,Fabrication de produits réfractaires
NAFRTev2,23.31Z,Fabrication de carreaux en céramique
NAFRTev2,23.32Z,"Fabrication de briques, tuiles et produits de construction, en terre cuite"
NAFRTev2,23.41Z,Fabrication d'articles céramiques à usage domestique ou ornemental
NAFRTev2,23.42Z,Fabrication d'appareils sanitaires en céramique
NAFRTev2,23.43Z,Fabrication d'isolateurs et pièces isolantes en céramique
NAFRTev2,23.44Z,Fabrication d'autres produits céramiques à usage technique
NAFRTev2,23.49Z,Fabrication d'autres produits céramiques
NAFRTev2,23.51Z,Fabrication de ciment
NAFRTev2,23.52Z,Fabrication de chaux et plâtre
NAFRTev2,23.61Z,Fabrication d'éléments en béton pour la construction
NAFRTev2,23.62Z,Fabrication d'éléments en plâtre pour la construction
NAFRTev2,23.63Z,Fabrication de béton prêt à l'emploi
NAFRTev2,23.64Z,Fabrication de mortiers et bétons secs
NAFRTev2,23.65Z,Fabrication d'ouvrages en fibre-ciment
NAFRTev2,23.69Z,"Fabrication d'autres ouvrages en béton, en ciment ou en plâtre"
NAFRTev2,23.70Z,"Taille, façonnage et finissage de pierres"
NAFRTev2,23.91Z,Fabrication de produits abrasifs
NAFRTev2,23.99Z,Fabrication d'autres produits minéraux non métalliques n.c.a.
NAFRTev2,24.10Z,Sidérurgie
NAFRTev2,24.20Z,"Fabrication de tubes, tuyaux, profilés creux et accessoires correspondants en acier"
NAFRTev2,24.31Z,Étirage à froid de barres
NAFRTev2,24.32Z,Laminage à froid de feuillards
NAFRTev2,24.33Z,Profilage à froid par formage ou pliage
NAFRTev2,24.34Z,Tréfilage à froid
NAFRTev2,24.41Z,Production de métaux précieux
NAFRTev2,24.42Z,Métallurgie de l'aluminium
NAFRTev2,24.43Z,"Métallurgie du plomb, du zinc ou de l'étain"
NAFRTev2,24.44Z,Métallurgie du cuivre
NAFRTev2,24.45Z,Métallurgie des autres métaux non ferreux
NAFRTev2,24.46Z,Élaboration et transformation de matières nucléaires
NAFRTev2,24.51Z,Fonderie de fonte
NAFRTev2,24.52Z,Fonderie d'acier
NAFRTev2,24.53Z,Fonderie de métaux légers
NAFRTev2,24.54Z,Fonderie d'autres métaux non ferreux
NAFRTev2,25.11Z,Fabrication de structures métalliques et de parties de structures
NAFRTev2,25.12Z,Fabrication de portes et fenêtres en métal
NAFRTev2,25.21Z,Fabrication de radiateurs et de chaudières pour le chauffage central
NAFRTev2,25.29Z,"Fabrication d'autres réservoirs, citernes et conteneurs métalliques"
NAFRTev2,25.30Z,"Fabrication de générateurs de vapeur, à l'exception des chaudières pour le chauffage central"
NAFRTev2,25.40Z,Fabrication d'armes et de munitions
NAFRTev2,25.50A,"Forge, estampage, matriçage ; métallurgie des poudres"
NAFRTev2,25.50B,"Découpage, emboutissage"
NAFRTev2,25.61Z,Traitement et revêtement des métaux
NAFRTev2,25.62A,Décolletage
NAFRTev2,25.62B,Mécanique industrielle
NAFRTev2,25.71Z,Fabrication de coutellerie
NAFRTev2,25.72Z,Fabrication de serrures et de ferrures
NAFRTev2,25.73A,Fabrication de moules et modèles
NAFRTev2,25.73B,Fabrication d'autres outillages
NAFRTev2,25.91Z,Fabrication de fûts et emballages métalliques similaires
NAFRTev2,25.92Z,Fabrication d'emballages métalliques légers
NAFRTev2,25.93Z,"Fabrication d'articles en fils métalliques, de chaînes et de ressorts"
NAFRTev2,25.94Z,Fabrication de vis et de boulons
NAFRTev2,25.99A,Fabrication d'articles métalliques ménagers
NAFRTev2,25.99B,Fabrication d'autres articles métalliques
NAFRTev2,26.11Z,Fabrication de composants électroniques
NAFRTev2,26.12Z,Fabrication de cartes électroniques assemblées
NAFRTev2,26.20Z,Fabrication d'ordinateurs et d'équipements périphériques
NAFRTev2,26.30Z,Fabrication d'équipements de communication
NAFRTev2,26.40Z,Fabrication de produits électroniques grand public
NAFRTev2,26.51A,Fabrication d'équipements d'aide à la navigation
NAFRTev2,26.51B,Fabrication d'instrumentation scientifique et technique
NAFRTev2,26.52Z,Horlogerie
NAFRTev2,26.60Z,"Fabrication d'équipements d'irradiation médicale, d'équipements électromédicaux et électrothérapeutiques"
NAFRTev2,26.70Z,Fabrication de matériels optique et photographique
NAFRTev2,26.80Z,Fabrication de supports magnétiques et optiques
NAFRTev2,27.11Z,"Fabrication de moteurs, génératrices et transformateurs électriques"
NAFRTev2,27.12Z,Fabrication de matériel de distribution et de commande électrique
NAFRTev2,27.20Z,Fabrication de piles et d'accumulateurs électriques
NAFRTev2,27.31Z,Fabrication de câbles de fibres optiques
NAFRTev2,27.32Z,Fabrication d'autres fils et câbles électroniques ou électriques
NAFRTev2,27.33Z,Fabrication de matériel d'installation électrique
NAFRTev2,27.40Z,Fabrication d'appareils d'éclairage électrique
NAFRTev2,27.51Z,Fabrication d'appareils électroménagers
NAFRTev2,27.52Z,Fabrication d'appareils ménagers non électriques
NAFRTev2,27.90Z,Fabrication d'autres matériels électriques
NAFRTev2,28.11Z,"Fabrication de moteurs et turbines, à l'exception des moteurs d'avions et de véhicules"
NAFRTev2,28.12Z,Fabrication d'équipements hydrauliques et pneumatiques
NAFRTev2,28.13Z,Fabrication d'autres pompes et compresseurs
NAFRTev2,28.14Z,Fabrication d'autres articles de robinetterie
NAFRTev2,28.15Z,Fabrication d'engrenages et d'organes mécaniques de transmission
NAFRTev2,28.21Z,Fabrication de fours et brûleurs
NAFRTev2,28.22Z,Fabrication de matériel de levage et de manutention
NAFRTev2,28.23Z,Fabrication de machines et d'équipements de bureau (à l'exception des ordinateurs et équipements périphériques)
NAFRTev2,28.24Z,Fabrication d'outillage portatif à moteur incorporé
NAFRTev2,28.25Z,Fabrication d'équipements aérauliques et frigorifiques industriels
NAFRTev2,28.29A,"Fabrication d'équipements d'emballage, de conditionnement et de pesage"
NAFRTev2,28.29B,Fabrication d'autres machines d'usage général
NAFRTev2,28.30Z,Fabrication de machines agricoles et forestières
NAFRTev2,28.41Z,Fabrication de machines-outils pour le travail des métaux
NAFRTev2,28.49Z,Fabrication d'autres machines-outils
NAFRTev2,28.91Z,Fabrication de machines pour la métallurgie
NAFRTev2,28.92Z,Fabrication de machines pour l'extraction ou la construction
NAFRTev2,28.93Z,Fabrication de machines pour l'industrie agro-alimentaire
NAFRTev2,28.94Z,Fabrication de machines pour les industries textiles
NAFRTev2,28.95Z,Fabrication de machines pour les industries du papier et du carton
NAFRTev2,28.96Z,Fabrication de machines pour le travail du caoutchouc ou des plastiques
NAFRTev2,28.99A,Fabrication de machines d'imprimerie
NAFRTev2,28.99B,Fabrication d'autres machines spécialisées
NAFRTev2,29.10Z,Construction de véhicules automobiles
NAFRTev2,29.20Z,Fabrication de carrosseries et remorques
NAFRTev2,29.31Z,Fabrication d'équipements électriques et électroniques automobiles
NAFRTev2,29.32Z,Fabrication d'autres équipements automobiles
NAFRTev2,30.11Z,Construction de navires et de structures flottantes
NAFRTev2,30.12Z,Construction de bateaux de plaisance
NAFRTev2,30.20Z,Construction de locomotives et d'autre matériel ferroviaire roulant
NAFRTev2,30.30Z,Construction aéronautique et spatiale
NAFRTev2,30.40Z,Construction de véhicules militaires de combat
NAFRTev2,30.91Z,Fabrication de motocycles
NAFRTev2,30.92Z,Fabrication de bicyclettes et de véhicules pour invalides
NAFRTev2,30.99Z,Fabrication d'autres équipements de transport n.c.a.
NAFRTev2,31.01Z,Fabrication de meubles de bureau et de magasin
NAFRTev2,31.02Z,Fabrication de meubles de cuisine
NAFRTev2,31.03Z,Fabrication de matelas
NAFRTev2,31.09A,Fabrication de sièges d'ameublement d'intérieur
NAFRTev2,31.09B,Fabrication d'autres meubles et industries connexes de l'ameublement
NAFRTev2,32.11Z,Frappe de monnaie
NAFRTev2,32.12Z,Fabrication d'articles de joaillerie et bijouterie
NAFRTev2,32.13Z,Fabrication d'articles de bijouterie fantaisie et articles similaires
NAFRTev2,32.20Z,Fabrication d'instruments de musique
NAFRTev2,32.30Z,Fabrication d'articles de sport
NAFRTev2,32.40Z,Fabrication de jeux et jouets
NAFRTev2,32.50A,Fabrication de matériel médico-chirurgical et dentaire
NAFRTev2,32.50B,Fabrication de lunettes
NAFRTev2,32.91Z,Fabrication d'articles de brosserie
NAFRTev2,32.99Z,Autres activités manufacturières n.c.a.
NAFRTev2,33.11Z,Réparation d'ouvrages en métaux
NAFRTev2,33.12Z,Réparation de machines et équipements mécaniques
NAFRTev2,33.13Z,Réparation de matériels électroniques et optiques
NAFRTev2,33.14Z,Réparation d'équipements électriques
NAFRTev2,33.15Z,Réparation et maintenance navale
NAFRTev2,33.16Z,Réparation et maintenance d'aéronefs et d'engins spatiaux
NAFRTev2,33.17Z,Réparation et maintenance d'autres équipements de transport
NAFRTev2,33.19Z,Réparation d'autres équipements
NAFRTev2,33.20A,"Installation de structures métalliques, chaudronnées et de tuyauterie"
NAFRTev2,33.20B,Installation de machines et équipements mécaniques
NAFRTev2,33.20C,Conception d'ensemble et assemblage sur site industriel d'équipements de contrôle des processus industriels
NAFRTev2,33.20D,"Installation d'équipements électriques, de matériels électroniques et optiques ou d'autres matériels"
NAFRTev2,35.11Z,Production d'électricité
NAFRTev2,35.12Z,Transport d'électricité
NAFRTev2,35.13Z,Distribution d'électricité
NAFRTev2,35.14Z,Commerce d'électricité
NAFRTev2,35.21Z,Production de combustibles gazeux
NAFRTev2,35.22Z,Distribution de combustibles gazeux par conduites
NAFRTev2,35.23Z,Commerce de combustibles gazeux par conduites
NAFRTev2,35.30Z,Production et distribution de vapeur et d'air conditionné
NAFRTev2,36.00Z,"Captage, traitement et distribution d'eau"
NAFRTev2,37.00Z,Collecte et traitement des eaux usées
NAFRTev2,38.11Z,Collecte des déchets non dangereux
NAFRTev2,38.12Z,Collecte des déchets dangereux
NAFRTev2,38.21Z,Traitement et élimination des déchets non dangereux
NAFRTev2,38.22Z,Traitement et élimination des déchets dangereux
NAFRTev2,38.31Z,Démantèlement d'épaves
NAFRTev2,38.32Z,Récupération de déchets triés
NAFRTev2,39.00Z,Dépollution et autres services de gestion des déchets
NAFRTev2,41.10A,Promotion immobilière de logements
NAFRTev2,41.10B,Promotion immobilière de bureaux
NAFRTev2,41.10C,Promotion immobilière d'autres bâtiments
NAFRTev2,41.10D,Supports juridiques de programmes
NAFRTev2,41.20A,Construction de maisons individuelles
NAFRTev2,41.20B,Construction d'autres bâtiments
NAFRTev2,42.11Z,Construction de routes et autoroutes
NAFRTev2,42.12Z,Construction de voies ferrées de surface et souterraines
NAFRTev2,42.13A,Construction d'ouvrages d'art
NAFRTev2,42.13B,Construction et entretien de tunnels
NAFRTev2,42.21Z,Construction de réseaux pour fluides
NAFRTev2,42.22Z,Construction de réseaux électriques et de télécommunications
NAFRTev2,42.91Z,Construction d'ouvrages maritimes et fluviaux
NAFRTev2,42.99Z,Construction d'autres ouvrages de génie civil n.c.a.
NAFRTev2,43.11Z,Travaux de démolition
NAFRTev2,43.12A,Travaux de terrassement courants et travaux préparatoires
NAFRTev2,43.12B,Travaux de terrassement spécialisés ou de grande masse
NAFRTev2,43.13Z,Forages et sondages
NAFRTev2,43.21A,Travaux d'installation électrique dans tous locaux
NAFRTev2,43.21B,Travaux d'installation électrique sur la voie publique
NAFRTev2,43.22A,Travaux d'installation d'eau et de gaz en tous locaux
NAFRTev2,43.22B,Travaux d'installation d'équipements thermiques et de climatisation
NAFRTev2,43.29A,Travaux d'isolation
NAFRTev2,43.29B,Autres travaux d'installation n.c.a.
NAFRTev2,43.31Z,Travaux de plâtrerie
NAFRTev2,43.32A,Travaux de menuiserie bois et PVC
NAFRTev2,43.32B,Travaux de menuiserie métallique et serrurerie
NAFRTev2,43.32C,Agencement de lieux de vente
NAFRTev2,43.33Z,Travaux de revêtement des sols et des murs
NAFRTev2,43.34Z,Travaux de peinture et vitrerie
NAFRTev2,43.39Z,Autres travaux de finition
NAFRTev2,43.91A,Travaux de charpente
NAFRTev2,43.91B,Travaux de couverture par éléments
NAFRTev2,43.99A,Travaux d'étanchéification
NAFRTev2,43.99B,Travaux de montage de structures métalliques
NAFRTev2,43.99C,Travaux de maçonnerie générale et gros œuvre de bâtiment
NAFRTev2,43.99D,Autres travaux spécialisés de construction
NAFRTev2,43.99E,Location avec opérateur de matériel de construction
NAFRTev2,45.11Z,Commerce de voitures et de véhicules automobiles légers
NAFRTev2,45.19Z,Commerce d'autres véhicules automobiles
NAFRTev2,45.20A,Entretien et réparation de véhicules automobiles légers
NAFRTev2,45.20B,Entretien et réparation d'autres véhicules automobiles
NAFRTev2,45.31Z,Commerce de gros d'équipements automobiles
NAFRTev2,45.32Z,Commerce de détail d'équipements automobiles
NAFRTev2,45.40Z,Commerce et réparation de motocycles
NAFRTev2,46.11Z,"Intermédiaires du commerce en matières premières agricoles, animaux vivants, matières premières textiles et produits semi-finis"
NAFRTev2,46.12A,Centrales d'achat de carburant
NAFRTev2,46.12B,"Autres intermédiaires du commerce en combustibles, métaux, minéraux et produits chimiques"
NAFRTev2,46.13Z,Intermédiaires du commerce en bois et matériaux de construction
NAFRTev2,46.14Z,"Intermédiaires du commerce en machines, équipements industriels, navires et avions"
NAFRTev2,46.15Z,"Intermédiaires du commerce en meubles, articles de ménage et quincaillerie"
NAFRTev2,46.16Z,"Intermédiaires du commerce en textiles, habillement, fourrures, chaussures et articles en cuir"
NAFRTev2,46.17A,Centrales d'achat alimentaires
NAFRTev2,46.17B,"Autres intermédiaires du commerce en denrées, boissons et tabac"
NAFRTev2,46.18Z,Intermédiaires spécialisés dans le commerce d'autres produits spécifiques
NAFRTev2,46.19A,Centrales d'achat non alimentaires
NAFRTev2,46.19B,Autres intermédiaires du commerce en produits divers
NAFRTev2,46.21Z,"Commerce de gros (commerce interentreprises) de céréales, de tabac non manufacturé, de semences et d'aliments pour le bétail"
NAFRTev2,46.22Z,Commerce de gros (commerce interentreprises) de fleurs et plantes
NAFRTev2,46.23Z,Commerce de gros (commerce interentreprises) d'animaux vivants
NAFRTev2,46.24Z,Commerce de gros (commerce interentreprises) de cuirs et peaux
NAFRTev2,46.31Z,Commerce de gros (commerce interentreprises) de fruits et légumes
NAFRTev2,46.32A,Commerce de gros (commerce interentreprises) de viandes de boucherie
NAFRTev2,46.32B,Commerce de gros (commerce interentreprises) de produits à base de viande
NAFRTev2,46.32C,Commerce de gros (commerce interentreprises) de volailles et gibier
NAFRTev2,46.33Z,"Commerce de gros (commerce interentreprises) de produits laitiers, œufs, huiles et matières grasses comestibles"
NAFRTev2,46.34Z,Commerce de gros (commerce interentreprises) de boissons
NAFRTev2,46.35Z,Commerce de gros (commerce interentreprises) de produits à base de tabac
NAFRTev2,46.36Z,"Commerce de gros (commerce interentreprises) de sucre, chocolat et confiserie"
NAFRTev2,46.37Z,"Commerce de gros (commerce interentreprises) de café, thé, cacao et épices"
NAFRTev2,46.38A,"Commerce de gros (commerce interentreprises) de poissons, crustacés et mollusques"
NAFRTev2,46.38B,Commerce de gros (commerce interentreprises) alimentaire spécialisé divers
NAFRTev2,46.39A,Commerce de gros (commerce interentreprises) de produits surgelés
NAFRTev2,46.39B,Commerce de gros (commerce interentreprises) alimentaire non spécialisé
NAFRTev2,46.41Z,Commerce de gros (commerce interentreprises) de textiles
NAFRTev2,46.42Z,Commerce de gros (commerce interentreprises) d'habillement et de chaussures
NAFRTev2,46.43Z,Commerce de gros (commerce interentreprises) d'appareils électroménagers
NAFRTev2,46.44Z,"Commerce de gros (commerce interentreprises) de vaisselle, verrerie et produits d'entretien"
NAFRTev2,46.45Z,Commerce de gros (commerce interentreprises) de parfumerie et de produits de beauté
NAFRTev2,46.46Z,Commerce de gros (commerce interentreprises) de produits pharmaceutiques
NAFRTev2,46.47Z,"Commerce de gros (commerce interentreprises) de meubles, de tapis et d'appareils d'éclairage"
NAFRTev2,46.48Z,Commerce de gros (commerce interentreprises) d'articles d'horlogerie et de bijouterie
NAFRTev2,46.49Z,Commerce de gros (commerce interentreprises) d'autres biens domestiques
NAFRTev2,46.51Z,"Commerce de gros (commerce interentreprises) d'ordinateurs, d'équipements informatiques périphériques et de logiciels"
NAFRTev2,46.52Z,Commerce de gros (commerce interentreprises) de composants et d'équipements électroniques et de télécommunication
NAFRTev2,46.61Z,Commerce de gros (commerce interentreprises) de matériel agricole
NAFRTev2,46.62Z,Commerce de gros (commerce interentreprises) de machines-outils
NAFRTev2,46.63Z,"Commerce de gros (commerce interentreprises) de machines pour l'extraction, la construction et le génie civil"
NAFRTev2,46.64Z,Commerce de gros (commerce interentreprises) de machines pour l'industrie textile et l'habillement
NAFRTev2,46.65Z,Commerce de gros (commerce interentreprises) de mobilier de bureau
NAFRTev2,46.66Z,Commerce de gros (commerce interentreprises) d'autres machines et équipements de bureau
NAFRTev2,46.69A,Commerce de gros (commerce interentreprises) de matériel électrique
NAFRTev2,46.69B,Commerce de gros (commerce interentreprises) de fournitures et équipements industriels divers
NAFRTev2,46.69C,Commerce de gros (commerce interentreprises) de fournitures et équipements divers pour le commerce et les services
NAFRTev2,46.71Z,Commerce de gros (commerce interentreprises) de combustibles et de produits annexes
NAFRTev2,46.72Z,Commerce de gros (commerce interentreprises) de minerais et métaux
NAFRTev2,46.73A,Commerce de gros (commerce interentreprises) de bois et de matériaux de construction
NAFRTev2,46.73B,Commerce de gros (commerce interentreprises) d'appareils sanitaires et de produits de décoration
NAFRTev2,46.74A,Commerce de gros (commerce interentreprises) de quincaillerie
NAFRTev2,46.74B,Commerce de gros (commerce interentreprises) de fournitures pour la plomberie et le chauffage
NAFRTev2,46.75Z,Commerce de gros (commerce interentreprises) de produits chimiques
NAFRTev2,46.76Z,Commerce de gros (commerce interentreprises) d'autres produits intermédiaires
NAFRTev2,46.77Z,Commerce de gros (commerce interentreprises) de déchets et débris
NAFRTev2,46.90Z,Commerce de gros (commerce interentreprises) non spécialisé
NAFRTev2,47.11A,Commerce de détail de produits surgelés
NAFRTev2,47.11B,Commerce d'alimentation générale
NAFRTev2,47.11C,Supérettes
NAFRTev2,47.11D,Supermarchés
NAFRTev2,47.11E,Magasins multi-commerces
NAFRTev2,47.11F,Hypermarchés
NAFRTev2,47.19A,Grands magasins
NAFRTev2,47.19B,Autres commerces de détail en magasin non spécialisé
NAFRTev2,47.21Z,Commerce de détail de fruits et légumes en magasin spécialisé
NAFRTev2,47.22Z,Commerce de détail de viandes et de produits à base de viande en magasin spécialisé
NAFRTev2,47.23Z,"Commerce de détail de poissons, crustacés et mollusques en magasin spécialisé"
NAFRTev2,47.24Z,"Commerce de détail de pain, pâtisserie et confiserie en magasin spécialisé"
NAFRTev2,47.25Z,Commerce de détail de boissons en magasin spécialisé
NAFRTev2,47.26Z,Commerce de détail de produits à base de tabac en magasin spécialisé
NAFRTev2,47.29Z,Autres commerces de détail alimentaires en magasin spécialisé
NAFRTev2,47.30Z,Commerce de détail de carburants en magasin spécialisé
NAFRTev2,47.41Z,"Commerce de détail d'ordinateurs, d'unités périphériques et de logiciels en magasin spécialisé"
NAFRTev2,47.42Z,Commerce de détail de matériels de télécommunication en magasin spécialisé
NAFRTev2,47.43Z,Commerce de détail de matériels audio et vidéo en magasin spécialisé
NAFRTev2,47.51Z,Commerce de détail de textiles en magasin spécialisé
NAFRTev2,47.52A,"Commerce de détail de quincaillerie, peintures et verres en petites surfaces (moins de 400 m²)"
NAFRTev2,47.52B,"Commerce de détail de quincaillerie, peintures et verres en grandes surfaces (400 m² et plus)"
NAFRTev2,47.53Z,"Commerce de détail de tapis, moquettes et revêtements de murs et de sols en magasin spécialisé"
NAFRTev2,47.54Z,Commerce de détail d'appareils électroménagers en magasin spécialisé
NAFRTev2,47.59A,Commerce de détail de meubles
NAFRTev2,47.59B,Commerce de détail d'autres équipements du foyer
NAFRTev2,47.61Z,Commerce de détail de livres en magasin spécialisé
NAFRTev2,47.62Z,Commerce de détail de journaux et papeterie en magasin spécialisé
NAFRTev2,47.63Z,Commerce de détail d'enregistrements musicaux et vidéo en magasin spécialisé
NAFRTev2,47.64Z,Commerce de détail d'articles de sport en magasin spécialisé
NAFRTev2,47.65Z,Commerce de détail de jeux et jouets en magasin spécialisé
NAFRTev2,47.71Z,Commerce de détail d'habillement en magasin spécialisé
NAFRTev2,47.72A,Commerce de détail de la chaussure
NAFRTev2,47.72B,Commerce de détail de maroquinerie et d'articles de voyage
NAFRTev2,47.73Z,Commerce de détail de produits pharmaceutiques en magasin spécialisé
NAFRTev2,47.74Z,Commerce de détail d'articles médicaux et orthopédiques en magasin spécialisé
NAFRTev2,47.75Z,Commerce de détail de parfumerie et de produits de beauté en magasin spécialisé
NAFRTev2,47.76Z,"Commerce de détail de fleurs, plantes, graines, engrais, animaux de compagnie et aliments pour ces animaux en magasin spécialisé"
NAFRTev2,47.77Z,Commerce de détail d'articles d'horlogerie et de bijouterie en magasin spécialisé
NAFRTev2,47.78A,Commerces de détail d'optique
NAFRTev2,47.78B,Commerces de détail de charbons et combustibles
NAFRTev2,47.78C,Autres commerces de détail spécialisés divers
NAFRTev2,47.79Z,Commerce de détail de biens d'occasion en magasin
NAFRTev2,47.81Z,Commerce de détail alimentaire sur éventaires et marchés
NAFRTev2,47.82Z,"Commerce de détail de textiles, d'habillement et de chaussures sur éventaires et marchés"
NAFRTev2,47.89Z,Autres commerces de détail sur éventaires et marchés
NAFRTev2,47.91A,Vente à distance sur catalogue général
NAFRTev2,47.91B,Vente à distance sur catalogue spécialisé
NAFRTev2,47.99A,Vente à domicile
NAFRTev2,47.99B,"Vente par automates et autres commerces de détail hors magasin, éventaires ou marchés n.c.a."
NAFRTev2,49.10Z,Transport ferroviaire interurbain de voyageurs
NAFRTev2,49.20Z,Transports ferroviaires de fret
NAFRTev2,49.31Z,Transports urbains et suburbains de voyageurs
NAFRTev2,49.32Z,Transports de voyageurs par taxis
NAFRTev2,49.39A,Transports routiers réguliers de voyageurs
NAFRTev2,49.39B,Autres transports routiers de voyageurs
NAFRTev2,49.39C,Téléphériques et remontées mécaniques
NAFRTev2,49.41A,Transports routiers de fret interurbains
NAFRTev2,49.41B,Transports routiers de fret de proximité
NAFRTev2,49.41C,Location de camions avec chauffeur
NAFRTev2,49.42Z,Services de déménagement
NAFRTev2,49.50Z,Transports par conduites
NAFRTev2,50.10Z,Transports maritimes et côtiers de passagers
NAFRTev2,50.20Z,Transports maritimes et côtiers de fret
NAFRTev2,50.30Z,Transports fluviaux de passagers
NAFRTev2,50.40Z,Transports fluviaux de fret
NAFRTev2,51.10Z,Transports aériens de passagers
NAFRTev2,51.21Z,Transports aériens de fret
NAFRTev2,51.22Z,Transports spatiaux
NAFRTev2,52.10A,Entreposage et stockage frigorifique
NAFRTev2,52.10B,Entreposage et stockage non frigorifique
NAFRTev2,52.21Z,Services auxiliaires des transports terrestres
NAFRTev2,52.22Z,Services auxiliaires des transports par eau
NAFRTev2,52.23Z,Services auxiliaires des transports aériens
NAFRTev2,52.24A,Manutention portuaire
NAFRTev2,52.24B,Manutention non portuaire
NAFRTev2,52.29A,"Messagerie, fret express"
NAFRTev2,52.29B,Affrètement et organisation des transports
NAFRTev2,53.10Z,Activités de poste dans le cadre d'une obligation de service universel
NAFRTev2,53.20Z,Autres activités de poste et de courrier
NAFRTev2,55.10Z,Hôtels et hébergement similaire
NAFRTev2,55.20Z,Hébergement touristique et autre hébergement de courte durée
NAFRTev2,55.30Z,Terrains de camping et parcs pour caravanes ou véhicules de loisirs
NAFRTev2,55.90Z,Autres hébergements
NAFRTev2,56.10A,Restauration traditionnelle
NAFRTev2,56.10B,Cafétérias et autres libres-services
NAFRTev2,56.10C,Restauration de type rapide
NAFRTev2,56.21Z,Services des traiteurs
NAFRTev2,56.29A,Restauration collective sous contrat
NAFRTev2,56.29B,Autres services de restauration n.c.a.
NAFRTev2,56.30Z,Débits de boissons
NAFRTev2,58.11Z,Édition de livres
NAFRTev2,58.12Z,Édition de répertoires et de fichiers d'adresses
NAFRTev2,58.13Z,Édition de journaux
NAFRTev2,58.14Z,Édition de revues et périodiques
NAFRTev2,58.19Z,Autres activités d'édition
NAFRTev2,58.21Z,Édition de jeux électroniques
NAFRTev2,58.29A,Édition de logiciels système et de réseau
NAFRTev2,58.29B,Édition de logiciels outils de développement et de langages
NAFRTev2,58.29C,Édition de logiciels applicatifs
NAFRTev2,59.11A,Production de films et de programmes pour la télévision
NAFRTev2,59.11B,Production de films institutionnels et publicitaires
NAFRTev2,59.11C,Production de films pour le cinéma
NAFRTev2,59.12Z,"Post-production de films cinématographiques, de vidéo et de programmes de télévision"
NAFRTev2,59.13A,Distribution de films cinématographiques
NAFRTev2,59.13B,Édition et distribution vidéo
NAFRTev2,59.14Z,Projection de films cinématographiques
NAFRTev2,59.20Z,Enregistrement sonore et édition musicale
NAFRTev2,60.10Z,Édition et diffusion de programmes radio
NAFRTev2,60.20A,Édition de chaînes généralistes
NAFRTev2,60.20B,Édition de chaînes thématiques
NAFRTev2,61.10Z,Télécommunications filaires
NAFRTev2,61.20Z,Télécommunications sans fil
NAFRTev2,61.30Z,Télécommunications par satellite
NAFRTev2,61.90Z,Autres activités de télécommunication
NAFRTev2,62.01Z,Programmation informatique
NAFRTev2,62.02A,Conseil en systèmes et logiciels informatiques
NAFRTev2,62.02B,Tierce maintenance de systèmes et d'applications informatiques
NAFRTev2,62.03Z,Gestion d'installations informatiques
NAFRTev2,62.09Z,Autres activités informatiques
NAFRTev2,63.11Z,"Traitement de données, hébergement et activités connexes"
NAFRTev2,63.12Z,Portails Internet
NAFRTev2,63.91Z,Activités des agences de presse
NAFRTev2,63.99Z,Autres services d'information n.c.a.
NAFRTev2,64.11Z,Activités de banque centrale
NAFRTev2,64.19Z,Autres intermédiations monétaires
NAFRTev2,64.20Z,Activités des sociétés holding
NAFRTev2,64.30Z,Fonds de placement et entités financières similaires
NAFRTev2,64.91Z,Crédit-bail
NAFRTev2,64.92Z,Autre distribution de crédit
NAFRTev2,64.99Z,"Autres activités des services financiers, hors assurance et caisses de retraite, n.c.a."
NAFRTev2,65.11Z,Assurance vie
NAFRTev2,65.12Z,Autres assurances
NAFRTev2,65.20Z,Réassurance
NAFRTev2,65.30Z,Caisses de retraite
NAFRTev2,66.11Z,Administration de marchés financiers
NAFRTev2,66.12Z,Courtage de valeurs mobilières et de marchandises
NAFRTev2,66.19A,Supports juridiques de gestion de patrimoine mobilier
NAFRTev2,66.19B,"Autres activités auxiliaires de services financiers, hors assurance et caisses de retraite, n.c.a."
NAFRTev2,66.21Z,Évaluation des risques et dommages
NAFRTev2,66.22Z,Activités des agents et courtiers d'assurances
NAFRTev2,66.29Z,Autres activités auxiliaires d'assurance et de caisses de retraite
NAFRTev2,66.30Z,Gestion de fonds
NAFRTev2,68.10Z,Activités des marchands de biens immobiliers
NAFRTev2,68.20A,Location de logements
NAFRTev2,68.20B,Location de terrains et d'autres biens immobiliers
NAFRTev2,68.31Z,Agences immobilières
NAFRTev2,68.32A,Administration d'immeubles et autres biens immobiliers
NAFRTev2,68.32B,Supports juridiques de gestion de patrimoine immobilier
NAFRTev2,69.10Z,Activités juridiques
NAFRTev2,69.20Z,Activités comptables
NAFRTev2,70.10Z,Activités des sièges sociaux
NAFRTev2,70.21Z,Conseil en relations publiques et communication
NAFRTev2,70.22Z,Conseil pour les affaires et autres conseils de gestion
NAFRTev2,71.11Z,Activités d'architecture
NAFRTev2,71.12A,Activité des géomètres
NAFRTev2,71.12B,"Ingénierie, études techniques"
NAFRTev2,71.20A,Contrôle technique automobile
NAFRTev2,71.20B,"Analyses, essais et inspections techniques"
NAFRTev2,72.11Z,Recherche-développement en biotechnologie
NAFRTev2,72.19Z,Recherche-développement en autres sciences physiques et naturelles
NAFRTev2,72.20Z,Recherche-développement en sciences humaines et sociales
NAFRTev2,73.11Z,Activités des agences de publicité
NAFRTev2,73.12Z,Régie publicitaire de médias
NAFRTev2,73.20Z,Études de marché et sondages
NAFRTev2,74.10Z,Activités spécialisées de design
NAFRTev2,74.20Z,Activités photographiques
NAFRTev2,74.30Z,Traduction et interprétation
NAFRTev2,74.90A,Activité des économistes de la construction
NAFRTev2,74.90B,"Activités spécialisées, scientifiques et techniques diverses"
NAFRTev2,75.00Z,Activités vétérinaires
NAFRTev2,77.11A,Location de courte durée de voitures et de véhicules automobiles légers
NAFRTev2,77.11B,Location de longue durée de voitures et de véhicules automobiles légers
NAFRTev2,77.12Z,Location et location-bail de camions
NAFRTev2,77.21Z,Location et location-bail d'articles de loisirs et de sport
NAFRTev2,77.22Z,Location de vidéocassettes et disques vidéo
NAFRTev2,77.29Z,Location et location-bail d'autres biens personnels et domestiques
NAFRTev2,77.31Z,Location et location-bail de machines et équipements agricoles
NAFRTev2,77.32Z,Location et location-bail de machines et équipements pour la construction
NAFRTev2,77.33Z,Location et location-bail de machines de bureau et de matériel informatique
NAFRTev2,77.34Z,Location et location-bail de matériels de transport par eau
NAFRTev2,77.35Z,Location et location-bail de matériels de transport aérien
NAFRTev2,77.39Z,"Location et location-bail d'autres machines, équipements et biens matériels n.c.a."
NAFRTev2,77.40Z,"Location-bail de propriété intellectuelle et de produits similaires, à l'exception des œuvres soumises à copyright"
NAFRTev2,78.10Z,Activités des agences de placement de main-d'œuvre
NAFRTev2,78.20Z,Activités des agences de travail temporaire
NAFRTev2,78.30Z,Autre mise à disposition de ressources humaines
NAFRTev2,79.11Z,Activités des agences de voyage
NAFRTev2,79.12Z,Activités des voyagistes
NAFRTev2,79.90Z,Autres services de réservation et activités connexes
NAFRTev2,80.10Z,Activités de sécurité privée
NAFRTev2,80.20Z,Activités liées aux systèmes de sécurité
NAFRTev2,80.30Z,Activités d'enquête
NAFRTev2,81.10Z,Activités combinées de soutien lié aux bâtiments
NAFRTev2,81.21Z,Nettoyage courant des bâtiments
NAFRTev2,81.22Z,Autres activités de nettoyage des bâtiments et nettoyage industriel
NAFRTev2,81.29A,"Désinfection, désinsectisation, dératisation"
NAFRTev2,81.29B,Autres activités de nettoyage n.c.a.
NAFRTev2,81.30Z,Services d'aménagement paysager
NAFRTev2,82.11Z,Services administratifs combinés de bureau
NAFRTev2,82.19Z,"Photocopie, préparation de documents et autres activités spécialisées de soutien de bureau"
NAFRTev2,82.20Z,Activités de centres d'appels
NAFRTev2,82.30Z,"Organisation de foires, salons professionnels et congrès"
NAFRTev2,82.91Z,Activités des agences de recouvrement de factures et des sociétés d'information financière sur la clientèle
NAFRTev2,82.92Z,Activités de conditionnement
NAFRTev2,82.99Z,Autres activités de soutien aux entreprises n.c.a.
NAFRTev2,84.11Z,Administration publique générale
NAFRTev2,84.12Z,"Administration publique (tutelle) de la santé, de la formation, de la culture et des services sociaux, autre que sécurité sociale"
NAFRTev2,84.13Z,Administration publique (tutelle) des activités économiques
NAFRTev2,84.21Z,Affaires étrangères
NAFRTev2,84.22Z,Défense
NAFRTev2,84.23Z,Justice
NAFRTev2,84.24Z,Activités d'ordre public et de sécurité
NAFRTev2,84.25Z,Services du feu et de secours
NAFRTev2,84.30A,Activités générales de sécurité sociale
NAFRTev2,84.30B,Gestion des retraites complémentaires
NAFRTev2,84.30C,Distribution sociale de revenus
NAFRTev2,85.10Z,Enseignement pré-primaire
NAFRTev2,85.20Z,Enseignement primaire
NAFRTev2,85.31Z,Enseignement secondaire général
NAFRTev2,85.32Z,Enseignement secondaire technique ou professionnel
NAFRTev2,85.41Z,Enseignement post-secondaire non supérieur
NAFRTev2,85.42Z,Enseignement supérieur
NAFRTev2,85.51Z,Enseignement de disciplines sportives et d'activités de loisirs
NAFRTev2,85.52Z,Enseignement culturel
NAFRTev2,85.53Z,Enseignement de la conduite
NAFRTev2,85.59A,Formation continue d'adultes
NAFRTev2,85.59B,Autres enseignements
NAFRTev2,85.60Z,Activités de soutien à l'enseignement
NAFRTev2,86.10Z,Activités hospitalières
NAFRTev2,86.21Z,Activité des médecins généralistes
NAFRTev2,86.22A,Activités de radiodiagnostic et de radiothérapie
NAFRTev2,86.22B,Activités chirurgicales
NAFRTev2,86.22C,Autres activités des médecins spécialistes
NAFRTev2,86.23Z,Pratique dentaire
NAFRTev2,86.90A,Ambulances
NAFRTev2,86.90B,Laboratoires d'analyses médicales
NAFRTev2,86.90C,Centres de collecte et banques d'organes
NAFRTev2,86.90D,Activités des infirmiers et des sages-femmes
NAFRTev2,86.90E,"Activités des professionnels de la rééducation, de l'appareillage et des pédicures-podologues"
NAFRTev2,86.90F,Activités de santé humaine non classées ailleurs
NAFRTev2,87.10A,Hébergement médicalisé pour personnes âgées
NAFRTev2,87.10B,Hébergement médicalisé pour enfants handicapés
NAFRTev2,87.10C,Hébergement médicalisé pour adultes handicapés et autre hébergement médicalisé
NAFRTev2,87.20A,Hébergement social pour handicapés mentaux et malades mentaux
NAFRTev2,87.20B,Hébergement social pour toxicomanes
NAFRTev2,87.30A,Hébergement social pour personnes âgées
NAFRTev2,87.30B,Hébergement social pour handicapés physiques
NAFRTev2,87.90A,Hébergement social pour enfants en difficultés
NAFRTev2,87.90B,Hébergement social pour adultes et familles en difficultés et autre hébergement social
NAFRTev2,88.10A,Aide à domicile
NAFRTev2,88.10B,Accueil ou accompagnement sans hébergement d'adultes handicapés ou de personnes âgées
NAFRTev2,88.10C,Aide par le travail
NAFRTev2,88.91A,Accueil de jeunes enfants
NAFRTev2,88.91B,Accueil ou accompagnement sans hébergement d'enfants handicapés
NAFRTev2,88.99A,Autre accueil ou accompagnement sans hébergement d'enfants et d'adolescents
NAFRTev2,88.99B,Action sociale sans hébergement n.c.a.
NAFRTev2,90.01Z,Arts du spectacle vivant
NAFRTev2,90.02Z,Activités de soutien au spectacle vivant
NAFRTev2,90.03A,Création artistique relevant des arts plastiques
NAFRTev2,90.03B,Autre création artistique
NAFRTev2,90.04Z,Gestion de salles de spectacles
NAFRTev2,91.01Z,Gestion des bibliothèques et des archives
NAFRTev2,91.02Z,Gestion des musées
NAFRTev2,91.03Z,Gestion des sites et monuments historiques et des attractions touristiques similaires
NAFRTev2,91.04Z,Gestion des jardins botaniques et zoologiques et des réserves naturelles
NAFRTev2,92.00Z,Organisation de jeux de hasard et d'argent
NAFRTev2,93.11Z,Gestion d'installations sportives
NAFRTev2,93.12Z,Activités de clubs de sports
NAFRTev2,93.13Z,Activités des centres de culture physique
NAFRTev2,93.19Z,Autres activités liées au sport
NAFRTev2,93.21Z,Activités des parcs d'attractions et parcs à thèmes
NAFRTev2,93.29Z,Autres activités récréatives et de loisirs
NAFRTev2,94.11Z,Activités des organisations patronales et consulaires
NAFRTev2,94.12Z,Activités des organisations professionnelles
NAFRTev2,94.20Z,Activités des syndicats de salariés
NAFRTev2,94.91Z,Activités des organisations religieuses
NAFRTev2,94.92Z,Activités des organisations politiques
NAFRTev2,94.99Z,Autres organisations fonctionnant par adhésion volontaire
NAFRTev2,95.11Z,Réparation d'ordinateurs et d'équipements périphériques
NAFRTev2,95.12Z,Réparation d'équipements de communication
NAFRTev2,95.21Z,Réparation de produits électroniques grand public
NAFRTev2,95.22Z,Réparation d'appareils électroménagers et d'équipements pour la maison et le jardin
NAFRTev2,95.23Z,Réparation de chaussures et d'articles en cuir
NAFRTev2,95.24Z,Réparation de meubles et d'équipements du foyer
NAFRTev2,95.25Z,Réparation d'articles d'horlogerie et de bijouterie
NAFRTev2,95.29Z,Réparation d'autres biens personnels et domestiques
NAFRTev2,96.01A,Blanchisserie-teinturerie de gros
NAFRTev2,96.01B,Blanchisserie-teinturerie de détail
NAFRTev2,96.02A,Coiffure
NAFRTev2,96.02B,Soins de beauté
NAFRTev2,96.03Z,Services funéraires
NAFRTev2,96.04Z,Entretien corporel
NAFRTev2,96.09Z,Autres services personnels n.c.a.
NAFRTev2,97.00Z,Activités des ménages en tant qu'employeurs de personnel domestique
NAFRTev2,98.10Z,Activités indifférenciées des ménages en tant que producteurs de biens pour usage propre
NAFRTev2,98.20Z,Activités indifférenciées des ménages en tant que producteurs de services pour usage propre
NAFRTev2,99.00Z,Activités des organisations et organismes extraterritoriaux
